{
  "hash": "53b5b31a",
  "configHash": "402383c0",
  "lockfileHash": "e781ab76",
  "browserHash": "90480f33",
  "optimized": {
    "@angular/common": {
      "src": "../../../../../node_modules/@angular/common/fesm2022/common.mjs",
      "file": "@angular_common.js",
      "fileHash": "b9539818",
      "needsInterop": false
    },
    "@angular/common/http": {
      "src": "../../../../../node_modules/@angular/common/fesm2022/http.mjs",
      "file": "@angular_common_http.js",
      "fileHash": "b334c156",
      "needsInterop": false
    },
    "@angular/core": {
      "src": "../../../../../node_modules/@angular/core/fesm2022/core.mjs",
      "file": "@angular_core.js",
      "fileHash": "16a86f89",
      "needsInterop": false
    },
    "@angular/forms": {
      "src": "../../../../../node_modules/@angular/forms/fesm2022/forms.mjs",
      "file": "@angular_forms.js",
      "fileHash": "c9918f64",
      "needsInterop": false
    },
    "@angular/platform-browser": {
      "src": "../../../../../node_modules/@angular/platform-browser/fesm2022/platform-browser.mjs",
      "file": "@angular_platform-browser.js",
      "fileHash": "46e16b3d",
      "needsInterop": false
    },
    "@angular/router": {
      "src": "../../../../../node_modules/@angular/router/fesm2022/router.mjs",
      "file": "@angular_router.js",
      "fileHash": "41e6eea6",
      "needsInterop": false
    },
    "angular-in-memory-web-api": {
      "src": "../../../../../node_modules/angular-in-memory-web-api/fesm2022/angular-in-memory-web-api.mjs",
      "file": "angular-in-memory-web-api.js",
      "fileHash": "ca861741",
      "needsInterop": false
    },
    "rxjs": {
      "src": "../../../../../node_modules/rxjs/dist/esm5/index.js",
      "file": "rxjs.js",
      "fileHash": "2e44bb0e",
      "needsInterop": false
    },
    "rxjs/operators": {
      "src": "../../../../../node_modules/rxjs/dist/esm5/operators/index.js",
      "file": "rxjs_operators.js",
      "fileHash": "44464cd4",
      "needsInterop": false
    }
  },
  "chunks": {
    "chunk-DTPSRSCJ": {
      "file": "chunk-DTPSRSCJ.js"
    },
    "chunk-MRV773TO": {
      "file": "chunk-MRV773TO.js"
    },
    "chunk-2ZJSW6PF": {
      "file": "chunk-2ZJSW6PF.js"
    },
    "chunk-U4O2ZPZH": {
      "file": "chunk-U4O2ZPZH.js"
    },
    "chunk-V2DXGMIT": {
      "file": "chunk-V2DXGMIT.js"
    },
    "chunk-UKEHM6V6": {
      "file": "chunk-UKEHM6V6.js"
    },
    "chunk-ZDOIMVJD": {
      "file": "chunk-ZDOIMVJD.js"
    }
  }
}