{
  "formatVersion": 1,
  "database": {
    "version": 14,
    "identityHash": "6bec5658ce9f3112df675162a5df10a0",
    "entities": [
      {
        "tableName": "users",
        "createSql": "CREATE TABLE IF NOT EXISTS `${TABLE_NAME}` (`user_id` INTEGER PRIMARY KEY AUTOINCREMENT NOT NULL, `password` TEXT NOT NULL, `username` TEXT NOT NULL, `user_description` TEXT NOT NULL, `birthday` TEXT NOT NULL, `total_distance` REAL NOT NULL, `time_used` INTEGER NOT NULL, `creation_date` TEXT NOT NULL, `profile_picture` TEXT)",
        "fields": [
          {
            "fieldPath": "user_id",
            "columnName": "user_id",
            "affinity": "INTEGER",
            "notNull": true
          },
          {
            "fieldPath": "password",
            "columnName": "password",
            "affinity": "TEXT",
            "notNull": true
          },
          {
            "fieldPath": "username",
            "columnName": "username",
            "affinity": "TEXT",
            "notNull": true
          },
          {
            "fieldPath": "user_description",
            "columnName": "user_description",
            "affinity": "TEXT",
            "notNull": true
          },
          {
            "fieldPath": "birthday",
            "columnName": "birthday",
            "affinity": "TEXT",
            "notNull": true
          },
          {
            "fieldPath": "total_distance",
            "columnName": "total_distance",
            "affinity": "REAL",
            "notNull": true
          },
          {
            "fieldPath": "time_used",
            "columnName": "time_used",
            "affinity": "INTEGER",
            "notNull": true
          },
          {
            "fieldPath": "creation_date",
            "columnName": "creation_date",
            "affinity": "TEXT",
            "notNull": true
          },
          {
            "fieldPath": "profile_picture",
            "columnName": "profile_picture",
            "affinity": "TEXT",
            "notNull": false
          }
        ],
        "primaryKey": {
          "autoGenerate": true,
          "columnNames": [
            "user_id"
          ]
        },
        "indices": [],
        "foreignKeys": []
      },
      {
        "tableName": "walks",
        "createSql": "CREATE TABLE IF NOT EXISTS `${TABLE_NAME}` (`walk_id` INTEGER PRIMARY KEY AUTOINCREMENT NOT NULL, `user_id` INTEGER NOT NULL, `walk_name` TEXT NOT NULL, `distance` REAL NOT NULL, `start_time` INTEGER NOT NULL, `end_time` INTEGER NOT NULL, FOREIGN KEY(`user_id`) REFERENCES `users`(`user_id`) ON UPDATE NO ACTION ON DELETE CASCADE )",
        "fields": [
          {
            "fieldPath": "walk_id",
            "columnName": "walk_id",
            "affinity": "INTEGER",
            "notNull": true
          },
          {
            "fieldPath": "user_id",
            "columnName": "user_id",
            "affinity": "INTEGER",
            "notNull": true
          },
          {
            "fieldPath": "walk_name",
            "columnName": "walk_name",
            "affinity": "TEXT",
            "notNull": true
          },
          {
            "fieldPath": "distance",
            "columnName": "distance",
            "affinity": "REAL",
            "notNull": true
          },
          {
            "fieldPath": "start_time",
            "columnName": "start_time",
            "affinity": "INTEGER",
            "notNull": true
          },
          {
            "fieldPath": "end_time",
            "columnName": "end_time",
            "affinity": "INTEGER",
            "notNull": true
          }
        ],
        "primaryKey": {
          "autoGenerate": true,
          "columnNames": [
            "walk_id"
          ]
        },
        "indices": [
          {
            "name": "index_walks_user_id",
            "unique": false,
            "columnNames": [
              "user_id"
            ],
            "orders": [],
            "createSql": "CREATE INDEX IF NOT EXISTS `index_walks_user_id` ON `${TABLE_NAME}` (`user_id`)"
          }
        ],
        "foreignKeys": [
          {
            "table": "users",
            "onDelete": "CASCADE",
            "onUpdate": "NO ACTION",
            "columns": [
              "user_id"
            ],
            "referencedColumns": [
              "user_id"
            ]
          }
        ]
      },
      {
        "tableName": "members",
        "createSql": "CREATE TABLE IF NOT EXISTS `${TABLE_NAME}` (`member_id` INTEGER PRIMARY KEY AUTOINCREMENT NOT NULL, `user_id` INTEGER NOT NULL, `party_id` INTEGER NOT NULL, FOREIGN KEY(`user_id`) REFERENCES `users`(`user_id`) ON UPDATE NO ACTION ON DELETE CASCADE , FOREIGN KEY(`party_id`) REFERENCES `party`(`party_id`) ON UPDATE NO ACTION ON DELETE CASCADE )",
        "fields": [
          {
            "fieldPath": "member_id",
            "columnName": "member_id",
            "affinity": "INTEGER",
            "notNull": true
          },
          {
            "fieldPath": "user_id",
            "columnName": "user_id",
            "affinity": "INTEGER",
            "notNull": true
          },
          {
            "fieldPath": "party_id",
            "columnName": "party_id",
            "affinity": "INTEGER",
            "notNull": true
          }
        ],
        "primaryKey": {
          "autoGenerate": true,
          "columnNames": [
            "member_id"
          ]
        },
        "indices": [
          {
            "name": "index_members_user_id",
            "unique": false,
            "columnNames": [
              "user_id"
            ],
            "orders": [],
            "createSql": "CREATE INDEX IF NOT EXISTS `index_members_user_id` ON `${TABLE_NAME}` (`user_id`)"
          },
          {
            "name": "index_members_party_id",
            "unique": false,
            "columnNames": [
              "party_id"
            ],
            "orders": [],
            "createSql": "CREATE INDEX IF NOT EXISTS `index_members_party_id` ON `${TABLE_NAME}` (`party_id`)"
          }
        ],
        "foreignKeys": [
          {
            "table": "users",
            "onDelete": "CASCADE",
            "onUpdate": "NO ACTION",
            "columns": [
              "user_id"
            ],
            "referencedColumns": [
              "user_id"
            ]
          },
          {
            "table": "party",
            "onDelete": "CASCADE",
            "onUpdate": "NO ACTION",
            "columns": [
              "party_id"
            ],
            "referencedColumns": [
              "party_id"
            ]
          }
        ]
      },
      {
        "tableName": "party",
        "createSql": "CREATE TABLE IF NOT EXISTS `${TABLE_NAME}` (`party_id` INTEGER PRIMARY KEY AUTOINCREMENT NOT NULL, `party_name` TEXT NOT NULL, `party_description` TEXT NOT NULL, `creation_date` TEXT NOT NULL, `creator_id` INTEGER NOT NULL, `total_distance` REAL NOT NULL, `time_used` INTEGER NOT NULL, FOREIGN KEY(`creator_id`) REFERENCES `users`(`user_id`) ON UPDATE NO ACTION ON DELETE CASCADE )",
        "fields": [
          {
            "fieldPath": "party_id",
            "columnName": "party_id",
            "affinity": "INTEGER",
            "notNull": true
          },
          {
            "fieldPath": "party_name",
            "columnName": "party_name",
            "affinity": "TEXT",
            "notNull": true
          },
          {
            "fieldPath": "party_description",
            "columnName": "party_description",
            "affinity": "TEXT",
            "notNull": true
          },
          {
            "fieldPath": "creation_date",
            "columnName": "creation_date",
            "affinity": "TEXT",
            "notNull": true
          },
          {
            "fieldPath": "creator_id",
            "columnName": "creator_id",
            "affinity": "INTEGER",
            "notNull": true
          },
          {
            "fieldPath": "total_distance",
            "columnName": "total_distance",
            "affinity": "REAL",
            "notNull": true
          },
          {
            "fieldPath": "time_used",
            "columnName": "time_used",
            "affinity": "INTEGER",
            "notNull": true
          }
        ],
        "primaryKey": {
          "autoGenerate": true,
          "columnNames": [
            "party_id"
          ]
        },
        "indices": [
          {
            "name": "index_party_creator_id",
            "unique": false,
            "columnNames": [
              "creator_id"
            ],
            "orders": [],
            "createSql": "CREATE INDEX IF NOT EXISTS `index_party_creator_id` ON `${TABLE_NAME}` (`creator_id`)"
          }
        ],
        "foreignKeys": [
          {
            "table": "users",
            "onDelete": "CASCADE",
            "onUpdate": "NO ACTION",
            "columns": [
              "creator_id"
            ],
            "referencedColumns": [
              "user_id"
            ]
          }
        ]
      },
      {
        "tableName": "user_achievements",
        "createSql": "CREATE TABLE IF NOT EXISTS `${TABLE_NAME}` (`id_user_achievement` INTEGER PRIMARY KEY AUTOINCREMENT NOT NULL, `user_id` INTEGER NOT NULL, `achievement_id` INTEGER NOT NULL, `progress` REAL NOT NULL, `unlocked` INTEGER NOT NULL, FOREIGN KEY(`user_id`) REFERENCES `users`(`user_id`) ON UPDATE NO ACTION ON DELETE CASCADE , FOREIGN KEY(`achievement_id`) REFERENCES `singular_achievements`(`id_achievement`) ON UPDATE NO ACTION ON DELETE CASCADE )",
        "fields": [
          {
            "fieldPath": "id_user_achievement",
            "columnName": "id_user_achievement",
            "affinity": "INTEGER",
            "notNull": true
          },
          {
            "fieldPath": "user_id",
            "columnName": "user_id",
            "affinity": "INTEGER",
            "notNull": true
          },
          {
            "fieldPath": "achievement_id",
            "columnName": "achievement_id",
            "affinity": "INTEGER",
            "notNull": true
          },
          {
            "fieldPath": "progress",
            "columnName": "progress",
            "affinity": "REAL",
            "notNull": true
          },
          {
            "fieldPath": "unlocked",
            "columnName": "unlocked",
            "affinity": "INTEGER",
            "notNull": true
          }
        ],
        "primaryKey": {
          "autoGenerate": true,
          "columnNames": [
            "id_user_achievement"
          ]
        },
        "indices": [
          {
            "name": "index_user_achievements_user_id",
            "unique": false,
            "columnNames": [
              "user_id"
            ],
            "orders": [],
            "createSql": "CREATE INDEX IF NOT EXISTS `index_user_achievements_user_id` ON `${TABLE_NAME}` (`user_id`)"
          },
          {
            "name": "index_user_achievements_achievement_id",
            "unique": false,
            "columnNames": [
              "achievement_id"
            ],
            "orders": [],
            "createSql": "CREATE INDEX IF NOT EXISTS `index_user_achievements_achievement_id` ON `${TABLE_NAME}` (`achievement_id`)"
          }
        ],
        "foreignKeys": [
          {
            "table": "users",
            "onDelete": "CASCADE",
            "onUpdate": "NO ACTION",
            "columns": [
              "user_id"
            ],
            "referencedColumns": [
              "user_id"
            ]
          },
          {
            "table": "singular_achievements",
            "onDelete": "CASCADE",
            "onUpdate": "NO ACTION",
            "columns": [
              "achievement_id"
            ],
            "referencedColumns": [
              "id_achievement"
            ]
          }
        ]
      },
      {
        "tableName": "singular_achievements",
        "createSql": "CREATE TABLE IF NOT EXISTS `${TABLE_NAME}` (`id_achievement` INTEGER PRIMARY KEY AUTOINCREMENT NOT NULL, `name_achievement` TEXT NOT NULL, `description_achievement` TEXT NOT NULL)",
        "fields": [
          {
            "fieldPath": "id_achievement",
            "columnName": "id_achievement",
            "affinity": "INTEGER",
            "notNull": true
          },
          {
            "fieldPath": "name_achievement",
            "columnName": "name_achievement",
            "affinity": "TEXT",
            "notNull": true
          },
          {
            "fieldPath": "description_achievement",
            "columnName": "description_achievement",
            "affinity": "TEXT",
            "notNull": true
          }
        ],
        "primaryKey": {
          "autoGenerate": true,
          "columnNames": [
            "id_achievement"
          ]
        },
        "indices": [],
        "foreignKeys": []
      },
      {
        "tableName": "party_achievements",
        "createSql": "CREATE TABLE IF NOT EXISTS `${TABLE_NAME}` (`id_achievement` INTEGER PRIMARY KEY AUTOINCREMENT NOT NULL, `party_id` INTEGER NOT NULL, `name_achievement` TEXT NOT NULL, `description_achievement` TEXT NOT NULL, `unlocked` INTEGER NOT NULL, `progress` REAL NOT NULL, FOREIGN KEY(`party_id`) REFERENCES `party`(`party_id`) ON UPDATE NO ACTION ON DELETE CASCADE )",
        "fields": [
          {
            "fieldPath": "id_achievement",
            "columnName": "id_achievement",
            "affinity": "INTEGER",
            "notNull": true
          },
          {
            "fieldPath": "party_id",
            "columnName": "party_id",
            "affinity": "INTEGER",
            "notNull": true
          },
          {
            "fieldPath": "name_achievement",
            "columnName": "name_achievement",
            "affinity": "TEXT",
            "notNull": true
          },
          {
            "fieldPath": "description_achievement",
            "columnName": "description_achievement",
            "affinity": "TEXT",
            "notNull": true
          },
          {
            "fieldPath": "unlocked",
            "columnName": "unlocked",
            "affinity": "INTEGER",
            "notNull": true
          },
          {
            "fieldPath": "progress",
            "columnName": "progress",
            "affinity": "REAL",
            "notNull": true
          }
        ],
        "primaryKey": {
          "autoGenerate": true,
          "columnNames": [
            "id_achievement"
          ]
        },
        "indices": [
          {
            "name": "index_party_achievements_party_id",
            "unique": false,
            "columnNames": [
              "party_id"
            ],
            "orders": [],
            "createSql": "CREATE INDEX IF NOT EXISTS `index_party_achievements_party_id` ON `${TABLE_NAME}` (`party_id`)"
          }
        ],
        "foreignKeys": [
          {
            "table": "party",
            "onDelete": "CASCADE",
            "onUpdate": "NO ACTION",
            "columns": [
              "party_id"
            ],
            "referencedColumns": [
              "party_id"
            ]
          }
        ]
      }
    ],
    "views": [],
    "setupQueries": [
      "CREATE TABLE IF NOT EXISTS room_master_table (id INTEGER PRIMARY KEY,identity_hash TEXT)",
      "INSERT OR REPLACE INTO room_master_table (id,identity_hash) VALUES(42, '6bec5658ce9f3112df675162a5df10a0')"
    ]
  }
}