{
  "flights": [
    {
      "id": 1,
      "origin": "Lisbon",
      "destination": "Paris",
	  "company":"TAP",
      "date": "2024-06-01",
      "departure_time": "10:00",
      "arrival_time": "13:00",
	  "layover": null,
      "available_seats": 120,
      "price": 150.00,
      "reservation_url": "https://reservations.example.com/flight/1"
    },
    {
      "id": 2,
      "origin": "Madrid",
      "destination": "Berlin",
	  "company":"IBERIA",
      "date": "2024-06-02",
      "departure_time": "14:00",
      "arrival_time": "17:30",
	  "layover": null,
      "available_seats": 90,
      "price": 180.00,
      "reservation_url": "https://reservations.example.com/flight/2"
    },
    {
      "id": 3,
      "origin": "New York",
      "destination": "London",
	  "company":"AMERICA AIRLINES",
      "date": "2024-06-03",
      "departure_time": "18:00",
      "arrival_time": "06:00",
	  "layover": null,
      "available_seats": 200,
      "price": 500.00,
      "reservation_url": "https://reservations.example.com/flight/3"
    },
    {
      "id": 4,
      "origin": "Tokyo",
      "destination": "Sydney",
	  "company":"QUANTAS",
      "date": "2024-06-04",
      "departure_time": "22:00",
      "arrival_time": "10:00",
	  "layover": null,
      "available_seats": 150,
      "price": 700.00,
      "reservation_url": "https://reservations.example.com/flight/4"
    },
    {
      "id": 5,
      "origin": "São Paulo",
      "destination": "Buenos Aires",
	  "company":"GOL",
      "date": "2024-06-05",
      "departure_time": "08:00",
      "arrival_time": "10:00",
	  "layover": null,
      "available_seats": 110,
      "price": 120.00,
      "reservation_url": "https://reservations.example.com/flight/5"
    },
    {
      "id": 6,
      "origin": "Dubai",
      "destination": "Mumbai",
	  "company":"FLY EMIRATES",
      "date": "2024-06-06",
      "departure_time": "20:00",
      "arrival_time": "01:00",
	  "layover": null,
      "available_seats": 180,
      "price": 300.00,
      "reservation_url": "https://reservations.example.com/flight/6"
    },
    {
      "id": 7,
      "origin": "Rome",
      "destination": "Athens",
	  "company":"AIR ITALIA",
      "date": "2024-06-07",
      "departure_time": "09:00",
      "arrival_time": "11:00",
	  "layover": null,
      "available_seats": 95,
      "price": 140.00,
      "reservation_url": "https://reservations.example.com/flight/7"
    },
    {
      "id": 8,
      "origin": "Beijing",
      "destination": "Hong Kong",
	  "company":"AIR CHINA",
      "date": "2024-06-08",
      "departure_time": "15:00",
      "arrival_time": "18:00",
	  "layover": null,
      "available_seats": 130,
      "price": 250.00,
      "reservation_url": "https://reservations.example.com/flight/8"
    },
    {
      "id": 9,
      "origin": "Moscow",
      "destination": "Saint Petersburg",
	  "company":"AEROFLOT",
      "date": "2024-06-09",
      "departure_time": "12:00",
      "arrival_time": "13:30",
	  "layover": null,
      "available_seats": 160,
      "price": 80.00,
      "reservation_url": "https://reservations.example.com/flight/9"
    },
    {
      "id": 10,
      "origin": "Cape Town",
      "destination": "Johannesburg",
	  "company":"SOUTH AFRICAN AIRWAYS",
      "date": "2024-06-10",
      "departure_time": "07:00",
      "arrival_time": "09:00",
	  "layover": null,
      "available_seats": 150,
      "price": 170.00,
      "reservation_url": "https://reservations.example.com/flight/10"
    },
    {
      "id": 11,
      "origin": "Los Angeles",
      "destination": "San Francisco",
	  "company":"DELTA AIRLINES",
      "date": "2024-06-11",
      "departure_time": "11:00",
      "arrival_time": "12:30",
	  "layover": null,
      "available_seats": 200,
      "price": 130.00,
      "reservation_url": "https://reservations.example.com/flight/11"
    },
    {
      "id": 12,
      "origin": "Miami",
      "destination": "Havana",
	  "company":"DELTA AIRLINES",
      "date": "2024-06-12",
      "departure_time": "09:00",
      "arrival_time": "11:00",
	  "layover": null,
      "available_seats": 170,
      "price": 220.00,
      "reservation_url": "https://reservations.example.com/flight/12"
    },
    {
      "id": 13,
      "origin": "Toronto",
      "destination": "Vancouver",
	  "company":"AIR CANADA",
      "date": "2024-06-13",
      "departure_time": "13:00",
      "arrival_time": "15:00",
	  "layover": null,
      "available_seats": 180,
      "price": 250.00,
      "reservation_url": "https://reservations.example.com/flight/13"
    },
    {
      "id": 14,
      "origin": "Buenos Aires",
      "destination": "Santiago",
	  "company":"AEROLÍNEAS ARGENTINAS",
      "date": "2024-06-14",
      "departure_time": "10:00",
      "arrival_time": "12:30",
	  "layover": null,
      "available_seats": 100,
      "price": 160.00,
      "reservation_url": "https://reservations.example.com/flight/14"
    },
    {
      "id": 15,
      "origin": "London",
      "destination": "Amsterdam",
	  "company":"BRITISH AIRWAYS",
      "date": "2024-06-15",
      "departure_time": "08:00",
      "arrival_time": "10:00",
	  "layover": null,
      "available_seats": 150,
      "price": 180.00,
      "reservation_url": "https://reservations.example.com/flight/15"
    },
    {
      "id": 16,
      "origin": "Bangkok",
      "destination": "Singapore",
	  "company":"BANGKOK AIRWAYS",
      "date": "2024-06-16",
      "departure_time": "14:00",
      "arrival_time": "17:00",
	  "layover": null,
      "available_seats": 190,
      "price": 320.00,
      "reservation_url": "https://reservations.example.com/flight/16"
    },
    {
      "id": 17,
      "origin": "Istanbul",
      "destination": "Dubai",
	  "company":"TURKISH AIRLINES",
      "date": "2024-06-17",
      "departure_time": "12:00",
      "arrival_time": "17:00",
	  "layover": null,
      "available_seats": 120,
      "price": 280.00,
      "reservation_url": "https://reservations.example.com/flight/17"
    },
    {
      "id": 18,
      "origin": "Cairo",
      "destination": "Athens",
	  "company":"AIR CAIRO",
      "date": "2024-06-18",
      "departure_time": "09:00",
      "arrival_time": "12:00",
	  "layover": null,
      "available_seats": 140,
      "price": 150.00,
      "reservation_url": "https://reservations.example.com/flight/18"
    },
    {
      "id": 19,
      "origin": "Mexico City",
      "destination": "Lima",
	  "company":"AEROMEXICO",
      "date": "2024-06-19",
      "departure_time": "15:00",
      "arrival_time": "19:00",
	  "layover": null,
      "available_seats": 110,
      "price": 200.00,
      "reservation_url": "https://reservations.example.com/flight/19"
    },
    {
      "id": 20,
      "origin": "Seoul",
      "destination": "Beijing",
	  "company":"KOREAN AIR",
      "date": "2024-06-20",
      "departure_time": "08:00",
      "arrival_time": "10:00",
	  "layover": null,
      "available_seats": 160,
      "price": 240.00,
      "reservation_url": "https://reservations.example.com/flight/20"
    },
{
      "id": 21,
      "origin": "Lisbon",
      "destination": "Paris",
	  "company":"TAP",
      "date": "2024-06-02",
      "departure_time": "10:00",
      "arrival_time": "13:00",
	  "layover": null,
      "available_seats": 120,
      "price": 140.00,
      "reservation_url": "https://reservations.example.com/flight/21"
    },
    {
      "id": 22,
      "origin": "Madrid",
      "destination": "Berlin",
	  "company":"IBERIA",
      "date": "2024-06-03",
      "departure_time": "14:00",
      "arrival_time": "17:30",
	  "layover": null,
      "available_seats": 0,
      "price": 160.00,
      "reservation_url": "https://reservations.example.com/flight/22"
    },
    {
      "id": 23,
      "origin": "New York",
      "destination": "London",
	  "company":"AMERICA AIRLINES",
      "date": "2024-06-04",
      "departure_time": "18:00",
      "arrival_time": "06:00",
	  "layover": null,
      "available_seats": 200,
      "price": 500.00,
      "reservation_url": "https://reservations.example.com/flight/23"
    },
    {
      "id": 24,
      "origin": "Tokyo",
      "destination": "Sydney",
	  "company":"QUANTAS",
      "date": "2024-06-05",
      "departure_time": "22:00",
      "arrival_time": "10:00",
	  "layover": null,
      "available_seats": 150,
      "price": 700.00,
      "reservation_url": "https://reservations.example.com/flight/24"
    },
    {
      "id": 25,
      "origin": "São Paulo",
      "destination": "Buenos Aires",
	  "company":"GOL",
      "date": "2024-06-06",
      "departure_time": "08:00",
      "arrival_time": "10:00",
	  "layover": null,
      "available_seats": 110,
      "price": 120.00,
      "reservation_url": "https://reservations.example.com/flight/25"
    },
    {
      "id": 26,
      "origin": "Dubai",
      "destination": "Mumbai",
	  "company":"FLY EMIRATES",
      "date": "2024-06-07",
      "departure_time": "20:00",
      "arrival_time": "01:00",
	  "layover": null,
      "available_seats": 180,
      "price": 300.00,
      "reservation_url": "https://reservations.example.com/flight/26"
    },
    {
      "id": 27,
      "origin": "Rome",
      "destination": "Athens",
	  "company":"AIR ITALIA",
      "date": "2024-06-08",
      "departure_time": "09:00",
      "arrival_time": "11:00",
	  "layover": null,
      "available_seats": 95,
      "price": 140.00,
      "reservation_url": "https://reservations.example.com/flight/27"
    },
    {
      "id": 28,
      "origin": "Beijing",
      "destination": "Hong Kong",
	  "company":"AIR CHINA",
      "date": "2024-06-09",
      "departure_time": "15:00",
      "arrival_time": "18:00",
	  "layover": null,
      "available_seats": 130,
      "price": 250.00,
      "reservation_url": "https://reservations.example.com/flight/28"
    },
    {
      "id": 29,
      "origin": "Moscow",
      "destination": "Saint Petersburg",
	  "company":"AEROFLOT",
      "date": "2024-06-10",
      "departure_time": "12:00",
      "arrival_time": "13:30",
	  "layover": null,
      "available_seats": 160,
      "price": 80.00,
      "reservation_url": "https://reservations.example.com/flight/29"
    },
    {
      "id": 30,
      "origin": "Cape Town",
      "destination": "Johannesburg",
	  "company":"SOUTH AFRICAN AIRWAYS",
      "date": "2024-06-11",
      "departure_time": "07:00",
      "arrival_time": "09:00",
	  "layover": null,
      "available_seats": 150,
      "price": 170.00,
      "reservation_url": "https://reservations.example.com/flight/30"
    },
    {
      "id": 31,
      "origin": "Los Angeles",
      "destination": "San Francisco",
	  "company":"DELTA AIRLINES",
      "date": "2024-06-12",
      "departure_time": "11:00",
      "arrival_time": "12:30",
	  "layover": null,
      "available_seats": 200,
      "price": 130.00,
      "reservation_url": "https://reservations.example.com/flight/31"
    },
    {
      "id": 32,
      "origin": "Miami",
      "destination": "Havana",
	  "company":"DELTA AIRLINES",
      "date": "2024-06-13",
      "departure_time": "09:00",
      "arrival_time": "11:00",
	  "layover": null,
      "available_seats": 170,
      "price": 220.00,
      "reservation_url": "https://reservations.example.com/flight/32"
    },
    {
      "id": 33,
      "origin": "Toronto",
      "destination": "Vancouver",
	  "company":"AIR CANADA",
      "date": "2024-06-14",
      "departure_time": "13:00",
      "arrival_time": "15:00",
	  "layover": null,
      "available_seats": 180,
      "price": 250.00,
      "reservation_url": "https://reservations.example.com/flight/33"
    },
    {
      "id": 34,
      "origin": "Buenos Aires",
      "destination": "Santiago",
	  "company":"AEROLÍNEAS ARGENTINAS",
      "date": "2024-06-15",
      "departure_time": "10:00",
      "arrival_time": "12:30",
	  "layover": null,
      "available_seats": 100,
      "price": 160.00,
      "reservation_url": "https://reservations.example.com/flight/34"
    },
    {
      "id": 35,
      "origin": "London",
      "destination": "Amsterdam",
	  "company":"BRITISH AIRWAYS",
      "date": "2024-06-16",
      "departure_time": "08:00",
      "arrival_time": "10:00",
	  "layover": null,
      "available_seats": 150,
      "price": 180.00,
      "reservation_url": "https://reservations.example.com/flight/35"
    },
    {
      "id": 36,
      "origin": "Bangkok",
      "destination": "Singapore",
	  "company":"BANGKOK AIRWAYS",
      "date": "2024-06-17",
      "departure_time": "14:00",
      "arrival_time": "17:00",
	  "layover": null,
      "available_seats": 190,
      "price": 320.00,
      "reservation_url": "https://reservations.example.com/flight/36"
    },
    {
      "id": 37,
      "origin": "Istanbul",
      "destination": "Dubai",
	  "company":"TURKISH AIRLINES",
      "date": "2024-06-18",
      "departure_time": "12:00",
      "arrival_time": "17:00",
	  "layover": null,
      "available_seats": 120,
      "price": 280.00,
      "reservation_url": "https://reservations.example.com/flight/37"
    },
    {
      "id": 38,
      "origin": "Cairo",
      "destination": "Athens",
	  "company":"AIR CAIRO",
      "date": "2024-06-19",
      "departure_time": "09:00",
      "arrival_time": "12:00",
	  "layover": null,
      "available_seats": 140,
      "price": 150.00,
      "reservation_url": "https://reservations.example.com/flight/38"
    },
    {
      "id": 39,
      "origin": "Mexico City",
      "destination": "Lima",
	  "company":"AEROMEXICO",
      "date": "2024-06-20",
      "departure_time": "15:00",
      "arrival_time": "19:00",
	  "layover": null,
      "available_seats": 110,
      "price": 200.00,
      "reservation_url": "https://reservations.example.com/flight/39"
    },
    {
      "id": 40,
      "origin": "Seoul",
      "destination": "Beijing",
	  "company":"KOREAN AIR",
      "date": "2024-06-21",
      "departure_time": "08:00",
      "arrival_time": "10:00",
	  "layover": null,
      "available_seats": 160,
      "price": 240.00,
      "reservation_url": "https://reservations.example.com/flight/40"
    },

	{
      "id": 41,
      "origin": "Lisbon",
      "destination": "Tokyo",
	  "company":"KLM",
      "date": "2024-06-01",
      "departure_time": "08:00",
      "arrival_time": "06:00",
      "layover": {
        "location": "Dubai",
        "layover_time": "04:00"
      },
      "available_seats": 100,
      "price": 850.00,
      "reservation_url": "https://reservations.example.com/flight/41"
    },
    {
      "id": 42,
      "origin": "New York",
      "destination": "Sydney",
	  "company":"AMERICAN AIRLINES",
      "date": "2024-06-02",
      "departure_time": "18:00",
      "arrival_time": "08:00",
      "layover": {
        "location": "Los Angeles",
        "layover_time": "03:00"
      },
      "available_seats": 150,
      "price": 1200.00,
      "reservation_url": "https://reservations.example.com/flight/42"
    },
    {
      "id": 43,
      "origin": "London",
      "destination": "Cape Town",
	  "company":"BRITISH AIRWAYS",
      "date": "2024-06-03",
      "departure_time": "10:00",
      "arrival_time": "02:00",
      "layover": {
        "location": "Dubai",
        "layover_time": "05:00"
      },
      "available_seats": 130,
      "price": 900.00,
      "reservation_url": "https://reservations.example.com/flight/43"
    },
    {
      "id": 44,
      "origin": "Paris",
      "destination": "Bangkok",
	  "company":"AIR FRANCE",
      "date": "2024-06-04",
      "departure_time": "12:00",
      "arrival_time": "10:00",
      "layover": {
        "location": "Doha",
        "layover_time": "02:30"
      },
      "available_seats": 140,
      "price": 750.00,
      "reservation_url": "https://reservations.example.com/flight/44"
    },
    {
      "id": 45,
      "origin": "Berlin",
      "destination": "Buenos Aires",
	  "company":"LUFTHANSA",
      "date": "2024-06-05",
      "departure_time": "08:00",
      "arrival_time": "20:00",
      "layover": {
        "location": "Madrid",
        "layover_time": "03:00"
      },
      "available_seats": 90,
      "price": 1000.00,
      "reservation_url": "https://reservations.example.com/flight/45"
    },
    {
      "id": 46,
      "origin": "Madrid",
      "destination": "Mumbai",
	  "company":"IBERIA",
      "date": "2024-06-06",
      "departure_time": "20:00",
      "arrival_time": "11:00",
      "layover": {
        "location": "Istanbul",
        "layover_time": "04:00"
      },
      "available_seats": 110,
      "price": 850.00,
      "reservation_url": "https://reservations.example.com/flight/46"
    },
    {
      "id": 47,
      "origin": "Rome",
      "destination": "Singapore",
	  "company":"ALITALIA",
      "date": "2024-06-07",
      "departure_time": "14:00",
      "arrival_time": "14:00",
      "layover": {
        "location": "Dubai",
        "layover_time": "05:00"
      },
      "available_seats": 120,
      "price": 950.00,
      "reservation_url": "https://reservations.example.com/flight/47"
    },
    {
      "id": 48,
      "origin": "Amsterdam",
      "destination": "Hong Kong",
	  "company":"KLM",
      "date": "2024-06-08",
      "departure_time": "16:00",
      "arrival_time": "12:00",
      "layover": {
        "location": "Zurich",
        "layover_time": "02:00"
      },
      "available_seats": 130,
      "price": 1000.00,
      "reservation_url": "https://reservations.example.com/flight/48"
    },
    {
      "id": 49,
      "origin": "Sydney",
      "destination": "New York",
	  "company":"QUANTAS",
      "date": "2024-06-09",
      "departure_time": "08:00",
      "arrival_time": "20:00",
      "layover": {
        "location": "Los Angeles",
        "layover_time": "04:00"
      },
      "available_seats": 140,
      "price": 1200.00,
      "reservation_url": "https://reservations.example.com/flight/49"
    },
    {
      "id": 50,
      "origin": "Dubai",
      "destination": "Los Angeles",
	  "company":"FLY EMIRATES",
      "date": "2024-06-10",
      "departure_time": "22:00",
      "arrival_time": "12:00",
      "layover": {
        "location": "London",
        "layover_time": "03:00"
      },
      "available_seats": 150,
      "price": 1100.00,
      "reservation_url": "https://reservations.example.com/flight/50"
    },
    {
      "id": 51,
      "origin": "Los Angeles",
      "destination": "Melbourne",
	  "company":"DELTA AIRLINES",
      "date": "2024-06-11",
      "departure_time": "18:00",
      "arrival_time": "06:00",
      "layover": {
        "location": "Auckland",
        "layover_time": "02:30"
      },
      "available_seats": 160,
      "price": 1300.00,
      "reservation_url": "https://reservations.example.com/flight/51"
    },
    {
      "id": 52,
      "origin": "Chicago",
      "destination": "Shanghai",
	  "company":"AMERICAN AIRLINES",
      "date": "2024-06-12",
      "departure_time": "14:00",
      "arrival_time": "06:00",
      "layover": {
        "location": "Seoul",
        "layover_time": "03:00"
      },
      "available_seats": 170,
      "price": 1000.00,
      "reservation_url": "https://reservations.example.com/flight/52"
    },
    {
      "id": 53,
      "origin": "Vancouver",
      "destination": "Paris",
	  "company":"AIR CANADA",
      "date": "2024-06-13",
      "departure_time": "11:00",
      "arrival_time": "10:00",
      "layover": {
        "location": "Toronto",
        "layover_time": "04:00"
      },
      "available_seats": 180,
      "price": 900.00,
      "reservation_url": "https://reservations.example.com/flight/53"
    },
    {
      "id": 54,
      "origin": "Mexico City",
      "destination": "Madrid",
	  "company":"AEROMEXICO",
      "date": "2024-06-14",
      "departure_time": "20:00",
      "arrival_time": "14:00",
      "layover": {
        "location": "Miami",
        "layover_time": "03:00"
      },
      "available_seats": 110,
      "price": 950.00,
      "reservation_url": "https://reservations.example.com/flight/54"
    },
    {
      "id": 55,
      "origin": "Buenos Aires",
      "destination": "Rome",
	  "company":"AEROLÍNEAS ARGENTINAS",
      "date": "2024-06-15",
      "departure_time": "07:00",
      "arrival_time": "03:00",
      "layover": {
        "location": "Sao Paulo",
        "layover_time": "04:00"
      },
      "available_seats": 120,
      "price": 1000.00,
      "reservation_url": "https://reservations.example.com/flight/55"
    },
    {
      "id": 56,
      "origin": "Moscow",
      "destination": "Bangkok",
	  "company":"AEROFLOT",
      "date": "2024-06-16",
      "departure_time": "12:00",
      "arrival_time": "08:00",
      "layover": {
        "location": "Delhi",
        "layover_time": "03:30"
      },
      "available_seats": 130,
      "price": 850.00,
      "reservation_url": "https://reservations.example.com/flight/56"
    }
  ]
}