{
  "recorded_days": [
    { "id": 1, "date": "01/06/2024" },
    { "id": 2, "date": "02/06/2024" },
    { "id": 3, "date": "03/06/2024" },
    { "id": 4, "date": "04/06/2024" },
    { "id": 5, "date": "05/06/2024" },
    { "id": 6, "date": "06/06/2024" },
    { "id": 7, "date": "07/06/2024" },
    { "id": 8, "date": "08/06/2024" },
    { "id": 9, "date": "09/06/2024" },
    { "id": 10, "date": "10/06/2024" },
    { "id": 11, "date": "11/06/2024" },
    { "id": 12, "date": "12/06/2024" },
    { "id": 13, "date": "13/06/2024" },
    { "id": 14, "date": "14/06/2024" },
    { "id": 15, "date": "15/06/2024" },
    { "id": 16, "date": "16/06/2024" },
    { "id": 17, "date": "17/06/2024" },
    { "id": 18, "date": "18/06/2024" },
    { "id": 19, "date": "19/06/2024" },
    { "id": 20, "date": "20/06/2024" },
    { "id": 21, "date": "21/06/2024" },
    { "id": 22, "date": "22/06/2024" },
    { "id": 23, "date": "23/06/2024" },
    { "id": 24, "date": "24/06/2024" },
    { "id": 25, "date": "25/06/2024" },
    { "id": 26, "date": "26/06/2024" },
    { "id": 27, "date": "27/06/2024" },
    { "id": 28, "date": "28/06/2024" },
    { "id": 29, "date": "29/06/2024" },
    { "id": 30, "date": "30/06/2024" }
  ]
}