{
  "weather_data": [
    { "id": 1, "id_location": 1, "id_date": 1, "temp-max": 25, "temp-min": 12, "precipitation": 0 },
    { "id": 2, "id_location": 1, "id_date": 2, "temp-max": 26, "temp-min": 13, "precipitation": 1 },
    { "id": 3, "id_location": 1, "id_date": 3, "temp-max": 27, "temp-min": 14, "precipitation": 2 },
    { "id": 4, "id_location": 1, "id_date": 4, "temp-max": 28, "temp-min": 15, "precipitation": 3 },
    { "id": 5, "id_location": 1, "id_date": 5, "temp-max": 29, "temp-min": 16, "precipitation": 4 },
    { "id": 6, "id_location": 1, "id_date": 6, "temp-max": 30, "temp-min": 17, "precipitation": 5 },
    { "id": 7, "id_location": 1, "id_date": 7, "temp-max": 31, "temp-min": 18, "precipitation": 6 },
    { "id": 8, "id_location": 1, "id_date": 8, "temp-max": 32, "temp-min": 19, "precipitation": 7 },
    { "id": 9, "id_location": 1, "id_date": 9, "temp-max": 33, "temp-min": 20, "precipitation": 8 },
    { "id": 10, "id_location": 1, "id_date": 10, "temp-max": 34, "temp-min": 21, "precipitation": 9 },
    { "id": 11, "id_location": 1, "id_date": 11, "temp-max": 35, "temp-min": 22, "precipitation": 10 },
    { "id": 12, "id_location": 1, "id_date": 12, "temp-max": 36, "temp-min": 12, "precipitation": 0 },
    { "id": 13, "id_location": 1, "id_date": 13, "temp-max": 37, "temp-min": 13, "precipitation": 1 },
    { "id": 14, "id_location": 1, "id_date": 14, "temp-max": 38, "temp-min": 14, "precipitation": 2 },
    { "id": 15, "id_location": 1, "id_date": 15, "temp-max": 25, "temp-min": 15, "precipitation": 3 },
    { "id": 16, "id_location": 1, "id_date": 16, "temp-max": 26, "temp-min": 16, "precipitation": 4 },
    { "id": 17, "id_location": 1, "id_date": 17, "temp-max": 27, "temp-min": 17, "precipitation": 5 },
    { "id": 18, "id_location": 1, "id_date": 18, "temp-max": 28, "temp-min": 18, "precipitation": 6 },
    { "id": 19, "id_location": 1, "id_date": 19, "temp-max": 29, "temp-min": 19, "precipitation": 7 },
    { "id": 20, "id_location": 1, "id_date": 20, "temp-max": 30, "temp-min": 20, "precipitation": 8 },
    { "id": 21, "id_location": 1, "id_date": 21, "temp-max": 31, "temp-min": 21, "precipitation": 9 },
    { "id": 22, "id_location": 1, "id_date": 22, "temp-max": 32, "temp-min": 22, "precipitation": 10 },
    { "id": 23, "id_location": 1, "id_date": 23, "temp-max": 33, "temp-min": 12, "precipitation": 0 },
    { "id": 24, "id_location": 1, "id_date": 24, "temp-max": 34, "temp-min": 13, "precipitation": 1 },
    { "id": 25, "id_location": 1, "id_date": 25, "temp-max": 35, "temp-min": 14, "precipitation": 2 },
    { "id": 26, "id_location": 1, "id_date": 26, "temp-max": 36, "temp-min": 15, "precipitation": 3 },
    { "id": 27, "id_location": 1, "id_date": 27, "temp-max": 37, "temp-min": 16, "precipitation": 4 },
    { "id": 28, "id_location": 1, "id_date": 28, "temp-max": 38, "temp-min": 17, "precipitation": 5 },
    { "id": 29, "id_location": 1, "id_date": 29, "temp-max": 25, "temp-min": 18, "precipitation": 6 },
    { "id": 30, "id_location": 1, "id_date": 30, "temp-max": 26, "temp-min": 19, "precipitation": 7 },
	{ "id": 31, "id_location": 2, "id_date": 1, "temp-max": 25, "temp-min": 12, "precipitation": 0 },
    { "id": 32, "id_location": 2, "id_date": 2, "temp-max": 26, "temp-min": 13, "precipitation": 1 },
    { "id": 33, "id_location": 2, "id_date": 3, "temp-max": 27, "temp-min": 14, "precipitation": 2 },
    { "id": 34, "id_location": 2, "id_date": 4, "temp-max": 28, "temp-min": 15, "precipitation": 3 },
    { "id": 35, "id_location": 2, "id_date": 5, "temp-max": 29, "temp-min": 16, "precipitation": 4 },
    { "id": 36, "id_location": 2, "id_date": 6, "temp-max": 30, "temp-min": 17, "precipitation": 5 },
    { "id": 37, "id_location": 2, "id_date": 7, "temp-max": 31, "temp-min": 18, "precipitation": 6 },
    { "id": 38, "id_location": 2, "id_date": 8, "temp-max": 32, "temp-min": 19, "precipitation": 7 },
    { "id": 39, "id_location": 2, "id_date": 9, "temp-max": 33, "temp-min": 20, "precipitation": 8 },
    { "id": 40, "id_location": 2, "id_date": 10, "temp-max": 34, "temp-min": 21, "precipitation": 9 },
    { "id": 41, "id_location": 2, "id_date": 11, "temp-max": 35, "temp-min": 22, "precipitation": 0 },
    { "id": 42, "id_location": 2, "id_date": 12, "temp-max": 36, "temp-min": 23, "precipitation": 1 },
    { "id": 43, "id_location": 2, "id_date": 13, "temp-max": 37, "temp-min": 12, "precipitation": 2 },
    { "id": 44, "id_location": 2, "id_date": 14, "temp-max": 38, "temp-min": 13, "precipitation": 3 },
    { "id": 45, "id_location": 2, "id_date": 15, "temp-max": 39, "temp-min": 14, "precipitation": 4 },
    { "id": 46, "id_location": 2, "id_date": 16, "temp-max": 40, "temp-min": 15, "precipitation": 5 },
    { "id": 47, "id_location": 2, "id_date": 17, "temp-max": 25, "temp-min": 16, "precipitation": 6 },
    { "id": 48, "id_location": 2, "id_date": 18, "temp-max": 26, "temp-min": 17, "precipitation": 7 },
    { "id": 49, "id_location": 2, "id_date": 19, "temp-max": 27, "temp-min": 18, "precipitation": 8 },
    { "id": 50, "id_location": 2, "id_date": 20, "temp-max": 28, "temp-min": 19, "precipitation": 9 },
    { "id": 51, "id_location": 2, "id_date": 21, "temp-max": 29, "temp-min": 20, "precipitation": 0 },
    { "id": 52, "id_location": 2, "id_date": 22, "temp-max": 30, "temp-min": 21, "precipitation": 1 },
    { "id": 53, "id_location": 2, "id_date": 23, "temp-max": 31, "temp-min": 22, "precipitation": 2 },
    { "id": 54, "id_location": 2, "id_date": 24, "temp-max": 32, "temp-min": 23, "precipitation": 3 },
    { "id": 55, "id_location": 2, "id_date": 25, "temp-max": 33, "temp-min": 12, "precipitation": 4 },
    { "id": 56, "id_location": 2, "id_date": 26, "temp-max": 34, "temp-min": 13, "precipitation": 5 },
    { "id": 57, "id_location": 2, "id_date": 27, "temp-max": 35, "temp-min": 14, "precipitation": 6 },
    { "id": 58, "id_location": 2, "id_date": 28, "temp-max": 36, "temp-min": 15, "precipitation": 7 },
    { "id": 59, "id_location": 2, "id_date": 29, "temp-max": 37, "temp-min": 16, "precipitation": 8 },
    { "id": 60, "id_location": 2, "id_date": 30, "temp-max": 38, "temp-min": 17, "precipitation": 9 },
	{ "id": 61, "id_location": 3, "id_date": 1, "temp-max": 25, "temp-min": 12, "precipitation": 0 },
    { "id": 62, "id_location": 3, "id_date": 2, "temp-max": 26, "temp-min": 13, "precipitation": 1 },
    { "id": 63, "id_location": 3, "id_date": 3, "temp-max": 27, "temp-min": 14, "precipitation": 2 },
    { "id": 64, "id_location": 3, "id_date": 4, "temp-max": 28, "temp-min": 15, "precipitation": 3 },
    { "id": 65, "id_location": 3, "id_date": 5, "temp-max": 29, "temp-min": 16, "precipitation": 4 },
    { "id": 66, "id_location": 3, "id_date": 6, "temp-max": 30, "temp-min": 17, "precipitation": 5 },
    { "id": 67, "id_location": 3, "id_date": 7, "temp-max": 25, "temp-min": 12, "precipitation": 6 },
    { "id": 68, "id_location": 3, "id_date": 8, "temp-max": 26, "temp-min": 13, "precipitation": 7 },
    { "id": 69, "id_location": 3, "id_date": 9, "temp-max": 27, "temp-min": 14, "precipitation": 8 },
    { "id": 70, "id_location": 3, "id_date": 10, "temp-max": 28, "temp-min": 15, "precipitation": 9 },
    { "id": 71, "id_location": 3, "id_date": 11, "temp-max": 29, "temp-min": 16, "precipitation": 10 },
    { "id": 72, "id_location": 3, "id_date": 12, "temp-max": 30, "temp-min": 17, "precipitation": 11 },
    { "id": 73, "id_location": 3, "id_date": 13, "temp-max": 25, "temp-min": 12, "precipitation": 0 },
    { "id": 74, "id_location": 3, "id_date": 14, "temp-max": 26, "temp-min": 13, "precipitation": 1 },
    { "id": 75, "id_location": 3, "id_date": 15, "temp-max": 27, "temp-min": 14, "precipitation": 2 },
    { "id": 76, "id_location": 3, "id_date": 16, "temp-max": 28, "temp-min": 15, "precipitation": 3 },
    { "id": 77, "id_location": 3, "id_date": 17, "temp-max": 29, "temp-min": 16, "precipitation": 4 },
    { "id": 78, "id_location": 3, "id_date": 18, "temp-max": 30, "temp-min": 17, "precipitation": 5 },
    { "id": 79, "id_location": 3, "id_date": 19, "temp-max": 25, "temp-min": 12, "precipitation": 6 },
    { "id": 80, "id_location": 3, "id_date": 20, "temp-max": 26, "temp-min": 13, "precipitation": 7 },
    { "id": 81, "id_location": 3, "id_date": 21, "temp-max": 27, "temp-min": 14, "precipitation": 8 },
    { "id": 82, "id_location": 3, "id_date": 22, "temp-max": 28, "temp-min": 15, "precipitation": 9 },
    { "id": 83, "id_location": 3, "id_date": 23, "temp-max": 29, "temp-min": 16, "precipitation": 10 },
    { "id": 84, "id_location": 3, "id_date": 24, "temp-max": 30, "temp-min": 17, "precipitation": 11 },
    { "id": 85, "id_location": 3, "id_date": 25, "temp-max": 25, "temp-min": 12, "precipitation": 0 },
    { "id": 86, "id_location": 3, "id_date": 26, "temp-max": 26, "temp-min": 13, "precipitation": 1 },
    { "id": 87, "id_location": 3, "id_date": 27, "temp-max": 27, "temp-min": 14, "precipitation": 2 },
    { "id": 88, "id_location": 3, "id_date": 28, "temp-max": 28, "temp-min": 15, "precipitation": 3 },
    { "id": 89, "id_location": 3, "id_date": 29, "temp-max": 29, "temp-min": 16, "precipitation": 4 },
    { "id": 90, "id_location": 3, "id_date": 30, "temp-max": 30, "temp-min": 17, "precipitation": 5 },
	 { "id": 91, "id_location": 4, "id_date": 1, "temp-max": 25, "temp-min": 12, "precipitation": 0 },
    { "id": 92, "id_location": 4, "id_date": 2, "temp-max": 26, "temp-min": 12, "precipitation": 1 },
    { "id": 93, "id_location": 4, "id_date": 3, "temp-max": 24, "temp-min": 11, "precipitation": 2 },
    { "id": 94, "id_location": 4, "id_date": 4, "temp-max": 25, "temp-min": 12, "precipitation": 3 },
    { "id": 95, "id_location": 4, "id_date": 5, "temp-max": 26, "temp-min": 11, "precipitation": 4 },
    { "id": 96, "id_location": 4, "id_date": 6, "temp-max": 25, "temp-min": 10, "precipitation": 5 },
    { "id": 97, "id_location": 4, "id_date": 7, "temp-max": 24, "temp-min": 9, "precipitation": 6 },
    { "id": 98, "id_location": 4, "id_date": 8, "temp-max": 23, "temp-min": 8, "precipitation": 7 },
    { "id": 99, "id_location": 4, "id_date": 9, "temp-max": 22, "temp-min": 7, "precipitation": 8 },
    { "id": 100, "id_location": 4, "id_date": 10, "temp-max": 21, "temp-min": 6, "precipitation": 9 },
    { "id": 101, "id_location": 4, "id_date": 11, "temp-max": 26, "temp-min": 12, "precipitation": 10 },
    { "id": 102, "id_location": 4, "id_date": 12, "temp-max": 25, "temp-min": 11, "precipitation": 11 },
    { "id": 103, "id_location": 4, "id_date": 13, "temp-max": 24, "temp-min": 10, "precipitation": 12 },
    { "id": 104, "id_location": 4, "id_date": 14, "temp-max": 23, "temp-min": 9, "precipitation": 13 },
    { "id": 105, "id_location": 4, "id_date": 15, "temp-max": 22, "temp-min": 8, "precipitation": 14 },
    { "id": 106, "id_location": 4, "id_date": 16, "temp-max": 21, "temp-min": 7, "precipitation": 15 },
    { "id": 107, "id_location": 4, "id_date": 17, "temp-max": 25, "temp-min": 12, "precipitation": 0 },
    { "id": 108, "id_location": 4, "id_date": 18, "temp-max": 26, "temp-min": 12, "precipitation": 1 },
    { "id": 109, "id_location": 4, "id_date": 19, "temp-max": 24, "temp-min": 11, "precipitation": 2 },
    { "id": 110, "id_location": 4, "id_date": 20, "temp-max": 25, "temp-min": 12, "precipitation": 3 },
    { "id": 111, "id_location": 4, "id_date": 21, "temp-max": 26, "temp-min": 11, "precipitation": 4 },
    { "id": 112, "id_location": 4, "id_date": 22, "temp-max": 25, "temp-min": 10, "precipitation": 5 },
    { "id": 113, "id_location": 4, "id_date": 23, "temp-max": 24, "temp-min": 9, "precipitation": 6 },
    { "id": 114, "id_location": 4, "id_date": 24, "temp-max": 23, "temp-min": 8, "precipitation": 7 },
    { "id": 115, "id_location": 4, "id_date": 25, "temp-max": 22, "temp-min": 7, "precipitation": 8 },
    { "id": 116, "id_location": 4, "id_date": 26, "temp-max": 21, "temp-min": 6, "precipitation": 9 },
    { "id": 117, "id_location": 4, "id_date": 27, "temp-max": 26, "temp-min": 12, "precipitation": 10 },
    { "id": 118, "id_location": 4, "id_date": 28, "temp-max": 25, "temp-min": 11, "precipitation": 11 },
    { "id": 119, "id_location": 4, "id_date": 29, "temp-max": 24, "temp-min": 10, "precipitation": 12 },
    { "id": 120, "id_location": 4, "id_date": 30, "temp-max": 23, "temp-min": 9, "precipitation": 13 }
  ]
}