{
	"itens": [{
		"idTopic": "1",
		"topic": "Inicio",
		"idItem": "1",
		"title": "Seja bem-vindo a Info.Martinho Caeiro!",
		"content": "Aqui você encontrará informações sobre Martinho Caeiro. Pode utilizar o menu para percorrer as diferentes páginas de informação."
	}, {
		"idTopic": "2",
		"topic": "Curriculum Vitae",
		"idItem": "1",
		"title": "Identificação",
		"content": "Nome: Martinho José Novo Caeiro</br>Nascimento: 11 de Junho 2004</br>Morada: Rua Capitães de Abril, Nº57 - Vila Verde de Ficalho</br>NIF: 247485896"
	}, {
		"idTopic": "2",
		"topic": "Curriculum Vitae",
		"idItem": "2",
		"title": "Habilitações Literárias",
		"content": "Escola Secundária de Moura: Ensino Secundário (12º)</br>Escola Superior de Engenharia e Gestão: A concluir a Licenciatura em Engenharia Informática"
	}, {
		"idTopic": "3",
		"topic": "Horário",
		"idItem": "1",
		"title": "Horário",
		"content": "Horário do aluno 23917 da ESTIG - IPBEJA"
	}, {
		"idTopic": "4",
		"topic": "Contacto",
		"idItem": "1",
		"title": "Contacto",
		"content": "Entre em contato comigo através dos seguintes meios:</br>Email: MartinhoC04@hotmail.com</br>Telemóvel: 964036237"
	}],
	"nav": [{
		"label": "Início",
		"url": "Inicio.html",
		"alt": "Página do Início"
	}, {
		"label": "Curriculum Vitae",
		"url": "Curriculum.html",
		"alt": "Página do Curriculum Vitae"
	}, {
		"label": "Horário",
		"url": "Horario.html",
		"alt": "Página do Horário"
	}, {
		"label": "Contacto",
		"url": "Contacto.html",
		"alt": "Página do Contacto"
	}]
}
