{
  "hash": "36b1e27f",
  "configHash": "d061a621",
  "lockfileHash": "2cdd05b8",
  "browserHash": "57631d26",
  "optimized": {
    "@angular/common": {
      "src": "../../../../../node_modules/@angular/common/fesm2022/common.mjs",
      "file": "@angular_common.js",
      "fileHash": "bb398bee",
      "needsInterop": false
    },
    "@angular/common/http": {
      "src": "../../../../../node_modules/@angular/common/fesm2022/http.mjs",
      "file": "@angular_common_http.js",
      "fileHash": "028dc684",
      "needsInterop": false
    },
    "@angular/core": {
      "src": "../../../../../node_modules/@angular/core/fesm2022/core.mjs",
      "file": "@angular_core.js",
      "fileHash": "c5e6b0c4",
      "needsInterop": false
    },
    "@angular/platform-browser": {
      "src": "../../../../../node_modules/@angular/platform-browser/fesm2022/platform-browser.mjs",
      "file": "@angular_platform-browser.js",
      "fileHash": "ed42dd3c",
      "needsInterop": false
    },
    "@angular/router": {
      "src": "../../../../../node_modules/@angular/router/fesm2022/router.mjs",
      "file": "@angular_router.js",
      "fileHash": "0025965b",
      "needsInterop": false
    }
  },
  "chunks": {
    "chunk-RJX2L5XH": {
      "file": "chunk-RJX2L5XH.js"
    },
    "chunk-5D47TYUK": {
      "file": "chunk-5D47TYUK.js"
    },
    "chunk-VUKEB2EN": {
      "file": "chunk-VUKEB2EN.js"
    },
    "chunk-BNOYPYPL": {
      "file": "chunk-BNOYPYPL.js"
    }
  }
}